timestamp_pc_ms,timestamp_arduino_ms,sensor_id,placement,ax,ay,az,gx,gy,gz,label,trial_id,subject_id
95670841,1812446,3,ankle,0.8749,-0.1732,-0.3251,8.0566,-4.3945,1.3428,,t005,MAPRAA
95670855,1812462,3,ankle,0.9127,-0.0881,-0.2413,19.8975,2.2583,1.5869,,t005,MAPRAA
95670871,1812477,3,ankle,0.9418,-0.0465,-0.2400,25.1465,20.9961,1.2207,,t005,MAPRAA
95670886,1812493,3,ankle,0.9274,0.0405,-0.3018,18.3105,28.8696,0.3052,,t005,MAPRAA
95670902,1812508,3,ankle,0.9022,0.0704,-0.3495,-11.5356,35.0952,0.7324,,t005,MAPRAA
95670917,1812524,3,ankle,0.9047,0.0687,-0.4426,-28.1982,33.1421,3.6011,,t005,MAPRAA
95670933,1812539,3,ankle,0.9208,0.0291,-0.4532,-42.2363,21.6675,8.0566,,t005,MAPRAA
95670949,1812555,3,ankle,0.9341,-0.0608,-0.3767,-36.7432,15.3809,7.5073,,t005,MAPRAA
95670964,1812571,3,ankle,0.9324,-0.0985,-0.2709,-12.6953,10.0708,3.3569,,t005,MAPRAA
95670980,1812586,3,ankle,0.9351,-0.0994,-0.2496,-0.9766,12.0850,1.5869,,t005,MAPRAA
95670995,1812602,3,ankle,0.9431,-0.0929,-0.2860,9.0332,20.8740,0.5493,,t005,MAPRAA
95671010,1812617,3,ankle,0.9419,-0.0927,-0.3170,2.5024,26.9775,1.0376,,t005,MAPRAA
95671026,1812632,3,ankle,0.9358,-0.1011,-0.3502,-2.6855,27.5879,1.8311,,t005,MAPRAA
95671041,1812648,3,ankle,0.9369,-0.1095,-0.3477,-10.1929,24.5361,4.3335,,t005,MAPRAA
95671057,1812663,3,ankle,0.9426,-0.1384,-0.3145,-12.3291,21.4844,5.7373,,t005,MAPRAA
95671072,1812679,3,ankle,0.9476,-0.1509,-0.2925,-14.8315,15.9912,8.3618,,t005,MAPRAA
95671088,1812694,3,ankle,0.9501,-0.1503,-0.2673,-15.6860,15.1367,9.7656,,t005,MAPRAA
95671103,1812710,3,ankle,0.9611,-0.1394,-0.2748,-16.6626,18.1885,11.8408,,t005,MAPRAA
95671119,1812725,3,ankle,0.9747,-0.1251,-0.2992,-17.8833,17.4561,11.5967,,t005,MAPRAA
95671134,1812741,3,ankle,0.9683,-0.1122,-0.3088,-20.6909,15.4419,10.5591,,t005,MAPRAA
95671150,1812756,3,ankle,0.9508,-0.0848,-0.3236,-20.6299,16.9678,10.6812,,t005,MAPRAA
95671165,1812772,3,ankle,0.9478,-0.0852,-0.3257,-17.6392,19.1650,10.7422,,t005,MAPRAA
95671181,1812787,3,ankle,0.9470,-0.0870,-0.3274,-14.4043,16.1133,9.3994,,t005,MAPRAA
95671196,1812803,3,ankle,0.9425,-0.0886,-0.3389,-13.4888,14.2212,9.0332,,t005,MAPRAA
95671212,1812818,3,ankle,0.9403,-0.0873,-0.3483,-13.3057,11.5967,8.7891,,t005,MAPRAA
95671227,1812834,3,ankle,0.9348,-0.0798,-0.3680,-14.0381,10.6201,8.7891,,t005,MAPRAA
95671243,1812850,3,ankle,0.9303,-0.0750,-0.3748,-16.5405,9.5215,8.7891,,t005,MAPRAA
95671259,1812865,3,ankle,0.9229,-0.0671,-0.3872,-17.0898,9.4604,8.7891,,t005,MAPRAA
95671274,1812881,3,ankle,0.9222,-0.0646,-0.3921,-15.9912,9.2773,8.4839,,t005,MAPRAA
95671290,1812896,3,ankle,0.9197,-0.0570,-0.3906,-14.9536,8.7280,8.1177,,t005,MAPRAA
95671305,1812912,3,ankle,0.9171,-0.0538,-0.3898,-12.6953,7.1411,7.1411,,t005,MAPRAA
95671321,1812927,3,ankle,0.9180,-0.0562,-0.3917,-11.6577,5.9204,5.9814,,t005,MAPRAA
95671336,1812943,3,ankle,0.9175,-0.0573,-0.3981,-11.2915,5.5542,5.3711,,t005,MAPRAA
95671352,1812958,3,ankle,0.9143,-0.0558,-0.4020,-9.2163,5.0049,4.5166,,t005,MAPRAA
95671367,1812974,3,ankle,0.9059,-0.0560,-0.4048,-8.0566,4.8828,4.1504,,t005,MAPRAA
95671383,1812989,3,ankle,0.9037,-0.0591,-0.4059,-6.5918,4.9438,3.4180,,t005,MAPRAA
95671398,1813005,3,ankle,0.9033,-0.0621,-0.4081,-6.4087,5.0049,3.1738,,t005,MAPRAA
95671414,1813020,3,ankle,0.9044,-0.0613,-0.4098,-6.8970,4.8218,3.1128,,t005,MAPRAA
95671429,1813036,3,ankle,0.9083,-0.0642,-0.4108,-7.1411,4.5776,3.2349,,t005,MAPRAA
95671445,1813051,3,ankle,0.9094,-0.0686,-0.4078,-7.6294,3.7231,3.2959,,t005,MAPRAA
95671460,1813067,3,ankle,0.9113,-0.0687,-0.3976,-7.8735,3.4790,3.2959,,t005,MAPRAA
95671475,1813082,3,ankle,0.9150,-0.0629,-0.3899,-6.8359,3.1738,2.8076,,t005,MAPRAA
95671491,1813098,3,ankle,0.9148,-0.0630,-0.3877,-5.3101,2.9297,1.9531,,t005,MAPRAA
95671506,1813113,3,ankle,0.9132,-0.0609,-0.3925,-4.6997,2.9907,1.5259,,t005,MAPRAA
95671522,1813128,3,ankle,0.9150,-0.0562,-0.3954,-2.9297,2.6855,0.7935,,t005,MAPRAA
95671537,1813144,3,ankle,0.9182,-0.0505,-0.3912,-1.9531,2.3193,0.5493,,t005,MAPRAA
95671553,1813160,3,ankle,0.9148,-0.0496,-0.3909,-0.2441,2.3193,0.2441,,t005,MAPRAA
95671568,1813175,3,ankle,0.9058,-0.0516,-0.4039,0.0000,2.9297,0.2441,,t005,MAPRAA
95671584,1813190,3,ankle,0.9032,-0.0532,-0.4128,-1.0986,4.2725,0.6714,,t005,MAPRAA
95671599,1813206,3,ankle,0.9017,-0.0581,-0.4238,-2.1973,4.6387,0.9766,,t005,MAPRAA
95671615,1813221,3,ankle,0.9031,-0.0575,-0.4230,-4.0283,4.6387,1.5869,,t005,MAPRAA
95671630,1813237,3,ankle,0.9083,-0.0530,-0.4148,-4.2114,4.2114,1.7090,,t005,MAPRAA
95671646,1813252,3,ankle,0.9163,-0.0497,-0.4019,-3.5400,3.0518,1.4038,,t005,MAPRAA
95671661,1813268,3,ankle,0.9193,-0.0475,-0.3987,-2.0752,2.4414,0.4883,,t005,MAPRAA
95671677,1813283,3,ankle,0.9210,-0.0432,-0.3977,-1.0986,2.2583,-0.1221,,t005,MAPRAA
95671692,1813299,3,ankle,0.9194,-0.0417,-0.3987,1.2817,1.8921,-1.4038,,t005,MAPRAA
95671707,1813314,3,ankle,0.9180,-0.0388,-0.4037,2.5635,1.6479,-2.0142,,t005,MAPRAA
95671723,1813330,3,ankle,0.9182,-0.0397,-0.4053,4.8218,0.6714,-2.9907,,t005,MAPRAA
95671738,1813345,3,ankle,0.9153,-0.0488,-0.4061,5.7373,0.3052,-3.4180,,t005,MAPRAA
95671754,1813361,3,ankle,0.9130,-0.0566,-0.4086,7.0190,-0.3052,-4.6387,,t005,MAPRAA
95671770,1813376,3,ankle,0.9104,-0.0739,-0.4159,7.7515,-0.7935,-5.1270,,t005,MAPRAA
95671785,1813392,3,ankle,0.9099,-0.0798,-0.4161,9.0942,-2.1362,-5.4321,,t005,MAPRAA
95671801,1813407,3,ankle,0.9109,-0.0844,-0.4104,9.4604,-2.6245,-5.3711,,t005,MAPRAA
95671816,1813423,3,ankle,0.9105,-0.0896,-0.3984,9.3994,-3.2959,-5.3711,,t005,MAPRAA
95671832,1813439,3,ankle,0.9115,-0.0931,-0.3931,8.9722,-3.6011,-5.4932,,t005,MAPRAA
95671848,1813454,3,ankle,0.9164,-0.0908,-0.3827,8.7280,-3.6011,-5.5542,,t005,MAPRAA
95671863,1813470,3,ankle,0.9189,-0.0847,-0.3778,8.7280,-3.7231,-5.3711,,t005,MAPRAA
95671879,1813485,3,ankle,0.9204,-0.0762,-0.3726,8.7891,-3.6621,-5.0659,,t005,MAPRAA
95671894,1813501,3,ankle,0.9171,-0.0765,-0.3737,7.8735,-3.1128,-4.2114,,t005,MAPRAA
95671910,1813516,3,ankle,0.9095,-0.0814,-0.3840,7.0190,-2.7466,-3.7231,,t005,MAPRAA
95671925,1813532,3,ankle,0.9071,-0.0883,-0.3903,5.1880,-2.3804,-2.3804,,t005,MAPRAA
95671941,1813548,3,ankle,0.9019,-0.1044,-0.3969,4.0894,-2.2583,-1.5869,,t005,MAPRAA
95671957,1813563,3,ankle,0.8948,-0.1078,-0.4058,1.8921,-1.3428,-0.1221,,t005,MAPRAA
95671972,1813579,3,ankle,0.8933,-0.1067,-0.4091,0.4883,-0.4272,1.0376,,t005,MAPRAA
95671988,1813594,3,ankle,0.8950,-0.1027,-0.4083,-0.4272,-0.0610,1.7700,,t005,MAPRAA
95672003,1813610,3,ankle,0.8977,-0.0999,-0.4047,-3.1738,0.7935,3.2349,,t005,MAPRAA
95672019,1813626,3,ankle,0.9050,-0.0930,-0.3958,-4.3945,1.2207,3.9062,,t005,MAPRAA
95672034,1813641,3,ankle,0.9097,-0.0897,-0.3918,-6.1035,1.8311,5.1880,,t005,MAPRAA
95672050,1813656,3,ankle,0.9166,-0.0895,-0.3809,-6.7749,2.1362,5.6763,,t005,MAPRAA
95672065,1813672,3,ankle,0.9199,-0.0903,-0.3773,-7.6294,2.5024,6.2256,,t005,MAPRAA
95672081,1813687,3,ankle,0.9252,-0.0858,-0.3737,-7.6904,2.4414,6.4087,,t005,MAPRAA
95672096,1813703,3,ankle,0.9271,-0.0785,-0.3716,-6.4697,1.9531,6.4087,,t005,MAPRAA
95672112,1813718,3,ankle,0.9249,-0.0771,-0.3712,-4.9438,1.4648,6.3477,,t005,MAPRAA
95672127,1813734,3,ankle,0.9198,-0.0804,-0.3812,-4.6997,1.5869,6.4087,,t005,MAPRAA
95672143,1813750,3,ankle,0.9171,-0.0785,-0.3903,-4.8828,1.8921,6.4697,,t005,MAPRAA
95672158,1813765,3,ankle,0.9109,-0.0645,-0.4062,-4.6387,1.7700,6.4697,,t005,MAPRAA
95672174,1813781,3,ankle,0.9070,-0.0586,-0.4116,-3.6621,1.2207,6.1646,,t005,MAPRAA
95672189,1813796,3,ankle,0.9026,-0.0471,-0.4166,-3.3569,0.9766,5.9204,,t005,MAPRAA
95672205,1813811,3,ankle,0.9025,-0.0402,-0.4172,-2.9297,0.8545,5.1270,,t005,MAPRAA
95672220,1813827,3,ankle,0.9069,-0.0240,-0.4192,-2.5024,0.9155,4.6387,,t005,MAPRAA
95672236,1813843,3,ankle,0.9110,-0.0178,-0.4182,-1.2207,0.9766,3.2349,,t005,MAPRAA
95672251,1813858,3,ankle,0.9149,-0.0079,-0.4131,-0.1831,0.7935,2.2583,,t005,MAPRAA
95672266,1813873,3,ankle,0.9182,0.0009,-0.4043,2.1973,0.0610,0.3662,,t005,MAPRAA
95672282,1813889,3,ankle,0.9198,0.0028,-0.4012,3.2349,-0.3052,-0.6104,,t005,MAPRAA
95672298,1813904,3,ankle,0.9220,0.0031,-0.3978,5.1880,-0.7935,-2.5024,,t005,MAPRAA
95672313,1813920,3,ankle,0.9224,0.0005,-0.3962,7.5684,-0.8545,-4.3945,,t005,MAPRAA
95672329,1813935,3,ankle,0.9232,-0.0157,-0.3960,8.5449,-0.9766,-5.2490,,t005,MAPRAA
95672344,1813951,3,ankle,0.9224,-0.0245,-0.3977,9.9487,-1.4038,-6.8359,,t005,MAPRAA
95672360,1813966,3,ankle,0.9192,-0.0366,-0.4012,10.6812,-1.7700,-7.3242,,t005,MAPRAA
95672375,1813982,3,ankle,0.9165,-0.0438,-0.4011,11.4136,-2.5024,-7.8125,,t005,MAPRAA
95672391,1813998,3,ankle,0.9109,-0.0652,-0.3979,11.4746,-2.6245,-7.7515,,t005,MAPRAA
95672407,1814013,3,ankle,0.9106,-0.0868,-0.3977,11.1084,-2.1973,-7.3242,,t005,MAPRAA
95672422,1814029,3,ankle,0.9103,-0.0952,-0.3970,10.3760,-2.0752,-7.0801,,t005,MAPRAA
95672438,1814044,3,ankle,0.9122,-0.1036,-0.3911,8.4229,-2.3804,-6.1035,,t005,MAPRAA
95672453,1814060,3,ankle,0.9126,-0.1057,-0.3865,6.3477,-2.8687,-4.7607,,t005,MAPRAA
95672469,1814075,3,ankle,0.9091,-0.1129,-0.3816,5.3711,-2.9297,-4.1504,,t005,MAPRAA
95672484,1814091,3,ankle,0.9089,-0.1154,-0.3824,3.1738,-2.5024,-2.7466,,t005,MAPRAA
95672500,1814107,3,ankle,0.9083,-0.1124,-0.3860,2.1362,-2.2583,-1.8921,,t005,MAPRAA
95672516,1814122,3,ankle,0.9064,-0.1089,-0.3885,0.1831,-2.0142,-0.2441,,t005,MAPRAA
95672531,1814138,3,ankle,0.9020,-0.0992,-0.3966,-0.6714,-1.7090,0.5493,,t005,MAPRAA
95672547,1814153,3,ankle,0.9005,-0.0929,-0.4004,-2.3804,-1.0376,2.0142,,t005,MAPRAA
95672562,1814169,3,ankle,0.8990,-0.0811,-0.4043,-3.2349,-0.9155,2.6245,,t005,MAPRAA
95672578,1814185,3,ankle,0.9019,-0.0731,-0.4023,-4.4556,-0.7935,3.5400,,t005,MAPRAA
95672594,1814200,3,ankle,0.9045,-0.0679,-0.4011,-5.0049,-0.4272,4.0283,,t005,MAPRAA
95672609,1814216,3,ankle,0.9088,-0.0585,-0.3973,-4.9438,-0.2441,4.2114,,t005,MAPRAA
95672625,1814231,3,ankle,0.9113,-0.0548,-0.3958,-4.3335,-0.0610,4.0894,,t005,MAPRAA
95672640,1814247,3,ankle,0.9152,-0.0482,-0.3920,-4.0283,-0.1221,3.9062,,t005,MAPRAA
95672656,1814263,3,ankle,0.9161,-0.0452,-0.3900,-3.5400,-0.3052,3.7231,,t005,MAPRAA
95672671,1814278,3,ankle,0.9177,-0.0410,-0.3862,-3.2349,-0.3052,3.6011,,t005,MAPRAA
95672687,1814294,3,ankle,0.9185,-0.0396,-0.3846,-2.5024,-0.1221,3.0518,,t005,MAPRAA
95672703,1814309,3,ankle,0.9185,-0.0393,-0.3860,-2.0752,-0.0610,2.7466,,t005,MAPRAA
95672718,1814325,3,ankle,0.9194,-0.0442,-0.3854,-1.0376,-0.1221,2.3804,,t005,MAPRAA
95672734,1814340,3,ankle,0.9196,-0.0500,-0.3845,-0.4883,-0.3052,1.8311,,t005,MAPRAA
95672750,1814356,3,ankle,0.9208,-0.0576,-0.3817,-0.4883,-0.3662,1.6479,,t005,MAPRAA
95672765,1814372,3,ankle,0.9218,-0.0580,-0.3812,-0.1831,-0.4272,1.3428,,t005,MAPRAA
95672781,1814387,3,ankle,0.9205,-0.0555,-0.3827,0.0000,-0.4272,1.1597,,t005,MAPRAA
95672796,1814403,3,ankle,0.9198,-0.0543,-0.3835,-0.0610,-0.1221,1.0376,,t005,MAPRAA
95672812,1814418,3,ankle,0.9216,-0.0540,-0.3831,-0.1831,0.0000,0.9766,,t005,MAPRAA
95672827,1814434,3,ankle,0.9230,-0.0537,-0.3804,-0.2441,-0.2441,0.6104,,t005,MAPRAA
95672843,1814449,3,ankle,0.9241,-0.0547,-0.3777,0.1831,-0.4272,0.3662,,t005,MAPRAA
95672858,1814465,3,ankle,0.9224,-0.0527,-0.3787,1.3428,-0.7324,-0.1831,,t005,MAPRAA
95672874,1814480,3,ankle,0.9215,-0.0508,-0.3795,2.0142,-0.7935,-0.6104,,t005,MAPRAA
95672889,1814496,3,ankle,0.9200,-0.0476,-0.3829,2.3193,-0.7324,-0.7324,,t005,MAPRAA
95672905,1814511,3,ankle,0.9191,-0.0477,-0.3838,2.8076,-0.7324,-1.0376,,t005,MAPRAA
95672920,1814527,3,ankle,0.9204,-0.0521,-0.3889,2.8687,-0.7935,-1.1597,,t005,MAPRAA
95672936,1814543,3,ankle,0.9247,-0.0549,-0.3976,2.6245,-2.4414,-1.4038,,t005,MAPRAA
95672952,1814558,3,ankle,0.9417,-0.0592,-0.4452,2.7466,-5.7373,-1.5869,,t005,MAPRAA
95672967,1814574,3,ankle,0.9587,-0.0525,-0.4663,5.4321,-22.9492,-3.1738,,t005,MAPRAA
95672983,1814589,3,ankle,1.0184,-0.0524,-0.4670,7.5684,-36.8042,-4.3945,,t005,MAPRAA
95672998,1814605,3,ankle,1.0641,-0.0673,-0.3654,-0.9155,-65.2466,-3.9062,,t005,MAPRAA
95673014,1814621,3,ankle,1.0758,-0.0768,-0.2501,-26.4893,-62.0728,-2.3193,,t005,MAPRAA
95673030,1814636,3,ankle,1.1644,-0.1724,0.0253,-32.3486,-57.6172,-4.5776,,t005,MAPRAA
95673045,1814652,3,ankle,1.2211,-0.2247,0.1222,-31.3721,-82.8857,-15.1367,,t005,MAPRAA
95673061,1814667,3,ankle,1.2435,-0.2339,0.2153,-32.4097,-105.1025,-21.5454,,t005,MAPRAA
95673076,1814683,3,ankle,1.0499,-0.1588,0.1848,-26.3672,-112.1216,-30.7617,,t005,MAPRAA
95673092,1814699,3,ankle,0.7677,0.0172,0.1562,-21.4233,-91.7358,-30.1514,,t005,MAPRAA
95673107,1814714,3,ankle,0.7418,0.0234,0.0284,2.1973,-44.4946,-30.3955,,t005,MAPRAA
95673123,1814729,3,ankle,0.8058,-0.0302,-0.3219,25.4517,-29.0527,-27.5269,,t005,MAPRAA
95673138,1814745,3,ankle,0.8599,-0.1530,-0.3677,42.2974,-27.5879,-18.3105,,t005,MAPRAA
95673154,1814761,3,ankle,0.8823,-0.2019,-0.4186,11.3525,-26.9165,-17.4561,,t005,MAPRAA
95673170,1814776,3,ankle,0.8960,-0.1810,-0.5963,-0.8545,-18.5547,-18.6157,,t005,MAPRAA
95673185,1814792,3,ankle,0.8683,-0.1672,-0.5813,-30.5786,-5.2490,-17.8833,,t005,MAPRAA
95673201,1814807,3,ankle,0.8433,-0.1692,-0.4177,-49.6826,0.4272,-15.0757,,t005,MAPRAA
95673216,1814823,3,ankle,0.8755,-0.1298,-0.3583,-74.7681,14.6484,-7.0190,,t005,MAPRAA
95673232,1814839,3,ankle,0.9855,0.0107,-0.2998,-78.4912,18.9209,-4.6387,,t005,MAPRAA
95673247,1814854,3,ankle,1.0238,0.0884,-0.2770,-81.7261,18.9819,-1.0986,,t005,MAPRAA
95673263,1814870,3,ankle,1.0347,0.2928,-0.2062,-77.8809,16.2354,1.2817,,t005,MAPRAA
95673278,1814885,3,ankle,1.0074,0.4204,-0.1271,-43.6401,10.0708,3.1738,,t005,MAPRAA
95673294,1814901,3,ankle,0.9957,0.3530,-0.1014,-16.4185,12.9395,0.6104,,t005,MAPRAA
95673309,1814916,3,ankle,0.9730,0.0327,-0.1349,32.7759,29.5410,-11.5967,,t005,MAPRAA
95673325,1814931,3,ankle,0.9391,-0.0764,-0.1588,55.2368,40.4053,-23.4375,,t005,MAPRAA
95673340,1814947,3,ankle,0.8976,-0.2014,-0.2155,56.8848,43.0908,-24.2920,,t005,MAPRAA
95673356,1814962,3,ankle,0.9073,-0.2883,-0.2644,50.5371,45.4712,-18.3105,,t005,MAPRAA
95673371,1814978,3,ankle,0.9159,-0.4178,-0.2930,40.1611,44.6167,-13.9770,,t005,MAPRAA
95673387,1814993,3,ankle,0.9115,-0.4237,-0.2781,8.0566,42.9077,-4.8218,,t005,MAPRAA
95673402,1815009,3,ankle,0.9132,-0.2458,-0.2312,-5.3711,42.4805,-1.2817,,t005,MAPRAA
95673418,1815025,3,ankle,0.9147,-0.1416,-0.2047,-17.9443,45.0439,3.2349,,t005,MAPRAA
95673433,1815040,3,ankle,0.9216,-0.1776,-0.2178,-16.9067,48.1567,5.7983,,t005,MAPRAA
95673449,1815056,3,ankle,0.9116,-0.4425,-0.2920,-7.1411,51.3306,10.1929,,t005,MAPRAA
95673464,1815071,3,ankle,0.9113,-0.5280,-0.3265,-4.0283,50.5981,9.7656,,t005,MAPRAA
95673480,1815087,3,ankle,0.9174,-0.4670,-0.3333,-7.7515,48.5229,8.5449,,t005,MAPRAA
95673496,1815102,3,ankle,0.9315,-0.3793,-0.3013,-10.9863,43.5791,2.5635,,t005,MAPRAA
95673511,1815118,3,ankle,0.9659,-0.2253,-0.1919,-6.1646,42.1143,-1.7090,,t005,MAPRAA
95673527,1815134,3,ankle,0.9688,-0.1737,-0.1587,15.8691,40.6494,-8.7891,,t005,MAPRAA
95673542,1815149,3,ankle,0.9688,-0.1633,-0.1230,31.3110,39.4287,-11.6577,,t005,MAPRAA
95673558,1815164,3,ankle,0.9730,-0.2079,-0.1376,48.9502,30.7007,-13.7939,,t005,MAPRAA
95673573,1815180,3,ankle,0.9191,-0.2776,-0.2390,49.3164,25.5737,-13.4277,,t005,MAPRAA
95673589,1815195,3,ankle,0.8888,-0.2900,-0.3011,35.8276,16.9678,-9.1553,,t005,MAPRAA
95673604,1815211,3,ankle,0.8528,-0.2695,-0.3943,26.1841,14.4043,-5.3711,,t005,MAPRAA
95673619,1815226,3,ankle,0.7838,-0.2657,-0.4471,19.1650,17.2119,1.2817,,t005,MAPRAA
95673635,1815242,3,ankle,0.8135,-0.2424,-0.4895,23.0713,24.9023,2.9907,,t005,MAPRAA
95673650,1815257,3,ankle,0.8546,-0.1727,-0.4766,19.1040,17.5171,3.8452,,t005,MAPRAA
95673666,1815273,3,ankle,0.8359,-0.1483,-0.4261,10.0708,11.7187,5.0049,,t005,MAPRAA
95673681,1815288,3,ankle,0.8728,-0.1597,-0.3689,9.5215,21.3623,5.6152,,t005,MAPRAA
95673697,1815303,3,ankle,0.8989,-0.2002,-0.3583,9.5215,39.6729,4.1504,,t005,MAPRAA
95673712,1815319,3,ankle,0.8906,-0.2504,-0.3370,10.8643,42.4805,0.6714,,t005,MAPRAA
95673728,1815334,3,ankle,0.8969,-0.2233,-0.3108,15.3198,42.9077,-5.7373,,t005,MAPRAA
95673743,1815350,3,ankle,0.9176,-0.1411,-0.2330,16.6016,41.9922,-5.9814,,t005,MAPRAA
95673759,1815365,3,ankle,0.9188,-0.1339,-0.2123,25.5127,44.7998,-3.6011,,t005,MAPRAA
95673774,1815381,3,ankle,0.9191,-0.2117,-0.2368,33.3252,47.6074,-0.9766,,t005,MAPRAA
95673789,1815396,3,ankle,0.9088,-0.2052,-0.2924,42.4805,48.5229,2.0752,,t005,MAPRAA
95673805,1815412,3,ankle,0.8698,-0.1643,-0.3159,41.5649,48.3398,2.6245,,t005,MAPRAA
95673820,1815427,3,ankle,0.8083,-0.1685,-0.4136,38.7573,51.2085,1.3428,,t005,MAPRAA
95673836,1815442,3,ankle,0.7925,-0.1603,-0.4910,26.6724,60.4858,-2.8076,,t005,MAPRAA
95673851,1815458,3,ankle,0.8059,-0.1100,-0.5968,18.5547,63.2324,-1.6479,,t005,MAPRAA
95673867,1815473,3,ankle,0.8367,-0.1284,-0.6172,5.6152,64.6973,8.1787,,t005,MAPRAA
95673882,1815489,3,ankle,0.9240,-0.1863,-0.7053,4.3335,68.2373,13.4888,,t005,MAPRAA
95673897,1815504,3,ankle,1.0358,-0.1979,-0.7374,4.1504,67.0776,20.5078,,t005,MAPRAA
95673913,1815520,3,ankle,1.2408,-0.2537,-0.5415,1.7700,57.6172,23.3154,,t005,MAPRAA
95673928,1815535,3,ankle,1.2959,-0.2732,-0.4088,10.0708,41.0767,24.7803,,t005,MAPRAA
95673944,1815551,3,ankle,1.4003,-0.2930,-0.2542,21.9116,34.4238,23.2544,,t005,MAPRAA
95673959,1815566,3,ankle,1.4509,-0.3447,-0.2083,33.2031,19.2261,23.6816,,t005,MAPRAA
95673975,1815581,3,ankle,1.5729,-0.5271,-0.1267,29.1138,11.6577,23.8647,,t005,MAPRAA
95673990,1815597,3,ankle,1.6550,-0.5824,0.0348,18.3105,-21.4233,18.4326,,t005,MAPRAA
95674006,1815613,3,ankle,1.6545,-0.5057,0.1818,5.3101,-96.7407,14.7705,,t005,MAPRAA
95674022,1815628,3,ankle,1.5453,-0.2582,0.7235,-1.8921,-131.9580,15.7471,,t005,MAPRAA
95674037,1815644,3,ankle,1.4773,-0.2407,1.0173,-31.9824,-158.9355,25.4517,,t005,MAPRAA
95674053,1815659,3,ankle,1.3696,-0.6116,0.7267,-57.5561,-162.6587,31.6162,,t005,MAPRAA
95674068,1815675,3,ankle,1.3625,-0.6996,0.0653,-57.2510,-167.1142,27.1606,,t005,MAPRAA
95674084,1815690,3,ankle,1.3484,-0.3253,-0.9832,-36.3159,-162.4756,14.8926,,t005,MAPRAA
95674099,1815706,3,ankle,1.4347,-0.1541,-0.9901,-72.3877,-176.7578,-2.2583,,t005,MAPRAA
95674115,1815722,3,ankle,1.4800,-0.1056,-0.6729,-101.5015,-207.2143,-11.9629,,t005,MAPRAA
95674131,1815737,3,ankle,1.2677,-0.2333,-0.3943,-112.1216,-259.0942,-53.7109,,t005,MAPRAA
95674146,1815753,3,ankle,1.1310,-0.2423,-0.3121,-88.0737,-240.2954,-60.1196,,t005,MAPRAA
95674162,1815769,3,ankle,1.1954,0.0503,-0.3463,-72.8760,-218.6279,-50.5371,,t005,MAPRAA
95674178,1815784,3,ankle,1.2925,0.1147,-0.3607,-25.2075,-197.4487,-48.0957,,t005,MAPRAA
95674193,1815800,3,ankle,1.1721,-0.0148,-0.3984,2.9297,-192.1997,-49.8047,,t005,MAPRAA
95674209,1815815,3,ankle,1.0376,-0.0736,-0.4457,22.8271,-174.3774,-53.3447,,t005,MAPRAA
95674224,1815831,3,ankle,0.7487,-0.1117,-0.4819,15.0146,-162.5366,-56.7017,,t005,MAPRAA
95674240,1815847,3,ankle,0.6257,-0.2230,-0.4452,2.0752,-142.6392,-64.2090,,t005,MAPRAA
95674256,1815862,3,ankle,0.6025,-0.2666,-0.4171,0.7935,-135.3149,-65.3076,,t005,MAPRAA
95674271,1815878,3,ankle,0.4603,-0.2418,-0.4147,-5.0659,-113.1592,-58.7158,,t005,MAPRAA
95674287,1815894,3,ankle,0.3621,-0.2142,-0.4518,-15.5640,-73.6084,-46.3867,,t005,MAPRAA
95674303,1815909,3,ankle,0.2219,-0.1088,-0.5183,-22.8271,-48.8892,-39.6729,,t005,MAPRAA
95674318,1815925,3,ankle,0.2148,-0.0751,-0.5385,-38.4521,-3.1128,-27.2827,,t005,MAPRAA
95674334,1815940,3,ankle,0.1506,0.0142,-0.5271,-43.3960,15.6860,-22.7661,,t005,MAPRAA
95674350,1815956,3,ankle,0.1091,0.0232,-0.4869,-48.0347,51.9409,-16.2964,,t005,MAPRAA
95674365,1815972,3,ankle,0.0807,-0.1121,-0.3296,-54.7485,64.0869,-11.5356,,t005,MAPRAA
95674381,1815987,3,ankle,0.3889,-0.3462,-0.1537,-88.6841,62.1338,-4.4556,,t005,MAPRAA
95674396,1816003,3,ankle,0.7465,-0.4396,0.0046,-110.5957,-30.5786,-21.3623,,t005,MAPRAA
95674412,1816019,3,ankle,1.5115,-0.3719,0.9138,-89.7217,-113.4033,-41.1987,,t005,MAPRAA
95674428,1816034,3,ankle,1.6218,-0.2571,1.5631,-27.5879,-150.2075,-57.2510,,t005,MAPRAA
95674443,1816050,3,ankle,1.3340,-0.3173,1.7677,-31.9824,-41.1377,-32.0435,,t005,MAPRAA
95674459,1816066,3,ankle,1.2394,-0.2119,1.3026,-59.8755,99.5483,25.0244,,t005,MAPRAA
95674474,1816081,3,ankle,1.5007,-0.1284,0.6022,-59.0210,72.5098,38.2080,,t005,MAPRAA
95674490,1816096,3,ankle,1.5990,-0.1971,0.4227,-42.6636,9.7046,44.9219,,t005,MAPRAA
95674505,1816112,3,ankle,0.9553,-0.0455,0.0210,-43.0298,30.7617,37.8418,,t005,MAPRAA
95674521,1816127,3,ankle,-0.0500,0.2137,-0.4407,-118.7134,87.1582,14.5874,,t005,MAPRAA
95674536,1816143,3,ankle,-0.1179,0.3219,-0.5789,-119.8120,82.5195,-11.1084,,t005,MAPRAA
95674552,1816159,3,ankle,2.3944,-1.4128,-0.1533,110.4126,29.0527,-58.9600,,t005,MAPRAA
95674567,1816174,3,ankle,3.4055,-1.7141,0.3418,-17.7612,-57.3120,39.0015,,t005,MAPRAA
95674583,1816190,3,ankle,1.1799,0.9719,0.0216,-70.3735,41.1987,50.4761,,t005,MAPRAA
95674598,1816205,3,ankle,0.0563,1.4034,-1.1782,63.7817,197.9370,-6.1035,,t005,MAPRAA
95674613,1816220,3,ankle,0.0186,0.2190,-1.8351,146.7285,147.7051,-25.4517,,t005,MAPRAA
95674629,1816236,3,ankle,0.0562,-1.0145,-1.0155,99.4873,28.6255,-10.0708,,t005,MAPRAA
95674644,1816251,3,ankle,0.7848,-1.6772,-0.2712,11.7798,49.9268,25.3296,,t005,MAPRAA
95674660,1816267,3,ankle,1.4792,-0.7943,-0.4868,-73.7915,126.5259,48.0347,,t005,MAPRAA
95674675,1816282,3,ankle,1.3928,0.5448,-0.4794,-56.4575,144.3481,28.2593,,t005,MAPRAA
95674691,1816298,3,ankle,0.5728,0.1530,-0.1676,8.9111,149.8413,2.0142,,t005,MAPRAA
95674706,1816313,3,ankle,0.6497,-0.1213,-0.1107,34.7900,146.4233,10.0098,,t005,MAPRAA
95674721,1816328,3,ankle,0.9639,-0.1417,-0.1335,48.2788,152.5879,28.5645,,t005,MAPRAA
95674737,1816344,3,ankle,0.8969,0.0354,-0.1333,64.8804,174.8047,22.0337,,t005,MAPRAA
95674752,1816359,3,ankle,0.7921,0.2567,-0.0841,92.7124,181.7627,8.8501,,t005,MAPRAA
95674767,1816374,3,ankle,0.8903,0.1190,-0.0524,165.2832,189.8193,-20.4468,,t005,MAPRAA
95674783,1816390,3,ankle,0.6985,-0.4044,0.0937,194.2139,193.6645,-36.3770,,t005,MAPRAA
95674798,1816405,3,ankle,1.1147,-0.5643,-0.0023,201.5991,201.4160,-77.6978,,t005,MAPRAA
95674814,1816421,3,ankle,1.0566,-0.9269,0.0474,148.6816,88.8061,-103.0884,,t005,MAPRAA
95674830,1816436,3,ankle,0.8872,-0.8063,-0.1316,45.0439,-3.8452,-122.9248,,t005,MAPRAA
95674845,1816452,3,ankle,0.6312,-0.0466,-0.6166,20.2637,71.3501,-46.8140,,t005,MAPRAA
95674860,1816467,3,ankle,0.6027,-0.1058,-0.6130,10.6201,169.7998,79.2847,,t005,MAPRAA
95674876,1816483,3,ankle,0.8562,-0.2465,-0.5702,17.5171,156.9214,90.3320,,t005,MAPRAA
95674891,1816498,3,ankle,1.0938,-0.0266,-0.5195,36.3159,119.5679,63.0493,,t005,MAPRAA
95674907,1816513,3,ankle,1.2120,0.0399,-0.3961,43.0908,114.8682,38.0859,,t005,MAPRAA
95674922,1816529,3,ankle,1.3967,-0.1703,0.1055,60.3027,100.4028,4.1504,,t005,MAPRAA
95674938,1816544,3,ankle,1.4257,-0.3743,0.2668,95.2148,74.5850,-1.0376,,t005,MAPRAA
95674953,1816560,3,ankle,1.3834,-0.7574,0.1648,103.4546,66.5283,0.7935,,t005,MAPRAA
95674968,1816575,3,ankle,1.3405,-0.8561,0.0542,91.0034,46.8140,2.6245,,t005,MAPRAA
95674984,1816590,3,ankle,1.3325,-0.6666,-0.0785,74.5239,28.5034,-0.8545,,t005,MAPRAA
95674999,1816606,3,ankle,1.3719,-0.4901,-0.0914,53.9551,-5.5542,-9.2773,,t005,MAPRAA
95675015,1816621,3,ankle,1.5663,-0.3162,0.0706,63.6597,-13.7939,-7.8125,,t005,MAPRAA
95675030,1816637,3,ankle,1.7994,-0.3403,0.3242,63.0493,-65.4907,16.7847,,t005,MAPRAA
95675045,1816652,3,ankle,1.8738,-0.7870,0.9712,60.9741,-106.0181,24.1089,,t005,MAPRAA
95675061,1816668,3,ankle,1.8727,-1.1042,0.9448,36.5601,-187.8052,17.8223,,t005,MAPRAA
95675076,1816683,3,ankle,1.5402,-1.1238,-0.8856,14.4653,-201.2939,3.8452,,t005,MAPRAA
95675092,1816699,3,ankle,1.4159,-0.2925,-1.2871,-70.6787,-197.7539,-26.0010,,t005,MAPRAA
95675108,1816714,3,ankle,1.6549,-0.3021,-1.1785,-162.9028,-210.4492,-4.8828,,t005,MAPRAA
95675123,1816730,3,ankle,1.9653,-0.5657,-0.7300,-159.6680,-243.2861,3.9673,,t005,MAPRAA
95675139,1816745,3,ankle,1.8745,-0.4775,-0.6033,-134.3384,-270.8740,-15.1367,,t005,MAPRAA
95675154,1816761,3,ankle,1.7223,-0.1178,-0.8076,-144.1040,-263.9771,-35.1563,,t005,MAPRAA
95675170,1816777,3,ankle,1.5659,0.0696,-0.8322,-121.9482,-239.5019,-69.3970,,t005,MAPRAA
95675186,1816792,3,ankle,1.1565,0.1210,-0.6859,-81.7871,-229.0649,-77.0874,,t005,MAPRAA
95675201,1816808,3,ankle,1.0150,0.0195,-0.6312,-21.8506,-207.9468,-85.0830,,t005,MAPRAA
95675217,1816823,3,ankle,0.8282,0.0155,-0.6649,-9.6436,-190.9790,-84.2895,,t005,MAPRAA
95675232,1816839,3,ankle,0.6204,-0.1013,-0.6793,-6.3477,-156.6162,-73.9746,,t005,MAPRAA
95675248,1816854,3,ankle,0.4773,-0.0984,-0.6343,-11.9019,-127.6245,-68.1763,,t005,MAPRAA
95675264,1816870,3,ankle,0.3198,-0.0848,-0.6334,-14.5874,-109.4360,-69.6411,,t005,MAPRAA
95675279,1816886,3,ankle,0.2690,-0.0941,-0.6746,-42.2363,-71.5942,-72.9980,,t005,MAPRAA
95675295,1816902,3,ankle,0.0410,-0.0819,-0.7305,-60.6079,-56.9458,-64.9414,,t005,MAPRAA
95675311,1816917,3,ankle,-0.0547,-0.1093,-0.7495,-95.7031,-21.9116,-47.3022,,t005,MAPRAA
95675326,1816933,3,ankle,-0.0535,-0.0889,-0.8068,-114.1968,1.3428,-45.2270,,t005,MAPRAA
95675342,1816949,3,ankle,-0.0194,0.0393,-0.7922,-129.8828,36.4990,-16.9067,,t005,MAPRAA
95675357,1816964,3,ankle,0.0328,0.2411,-0.6798,-123.1079,50.2930,-1.5259,,t005,MAPRAA
95675373,1816980,3,ankle,-0.0253,0.0992,-0.5762,-117.1875,82.3364,1.0986,,t005,MAPRAA
95675389,1816995,3,ankle,0.0540,-0.0713,-0.5872,-157.9590,103.4546,5.4321,,t005,MAPRAA
95675404,1817011,3,ankle,1.3074,-0.1870,-0.2576,-169.6167,74.1577,9.7656,,t005,MAPRAA
95675420,1817026,3,ankle,2.3744,-0.1191,0.4180,-120.6665,-187.2558,-45.8374,,t005,MAPRAA
95675435,1817042,3,ankle,2.2855,-0.4440,2.7335,-80.6274,-249.5117,-67.7490,,t005,MAPRAA
95675450,1817057,3,ankle,1.3207,-0.4055,2.8052,-28.9917,79.0405,3.2959,,t005,MAPRAA
95675466,1817073,3,ankle,0.7369,0.2991,1.0972,7.8735,153.9307,18.0054,,t005,MAPRAA
95675481,1817088,3,ankle,1.2191,-0.0741,0.5206,64.5752,62.2559,5.4932,,t005,MAPRAA
95675497,1817103,3,ankle,1.7655,-0.4182,-0.1432,53.7109,33.1421,4.6997,,t005,MAPRAA
95675512,1817119,3,ankle,2.0992,-0.2527,0.2570,-77.8198,14.3433,-29.4800,,t005,MAPRAA
95675528,1817134,3,ankle,1.7798,-0.2109,0.6787,-130.0049,-58.9600,-67.6880,,t005,MAPRAA
95675543,1817150,3,ankle,0.4172,-0.2931,-1.7494,40.8936,1.2207,1.3428,,t005,MAPRAA
95675559,1817165,3,ankle,0.5273,-0.1093,-2.6621,101.0132,90.9424,36.0718,,t005,MAPRAA
95675574,1817181,3,ankle,0.2008,0.7306,-1.4747,116.5771,29.4189,3.6011,,t005,MAPRAA
95675589,1817196,3,ankle,-0.0433,0.1360,-1.0547,119.8120,18.0664,-54.1382,,t005,MAPRAA
95675605,1817212,3,ankle,0.7491,-1.7350,-0.9968,81.6650,55.4810,-46.2646,,t005,MAPRAA
95675620,1817227,3,ankle,1.5616,-1.3171,-0.9542,-41.9922,118.3472,19.7144,,t005,MAPRAA
95675636,1817243,3,ankle,1.4495,0.3925,-0.6058,-68.1763,151.9165,53.1006,,t005,MAPRAA
95675651,1817258,3,ankle,0.8999,0.6195,-0.4934,-10.1318,173.2178,64.7583,,t005,MAPRAA
95675666,1817273,3,ankle,0.5861,0.0120,-0.3854,28.6865,171.8139,54.6265,,t005,MAPRAA
95675682,1817289,3,ankle,0.8801,-0.2521,-0.4336,51.0254,188.2934,45.2881,,t005,MAPRAA
95675697,1817304,3,ankle,0.8737,-0.2164,-0.3394,46.2036,175.5371,37.2314,,t005,MAPRAA
95675713,1817319,3,ankle,0.7914,-0.0316,-0.1843,68.9697,197.6929,31.4331,,t005,MAPRAA
95675728,1817335,3,ankle,0.8057,-0.0348,-0.1475,97.2900,220.3369,26.6113,,t005,MAPRAA
95675743,1817350,3,ankle,0.6913,-0.2449,0.0061,156.0059,241.1499,-28.5034,,t005,MAPRAA
95675759,1817366,3,ankle,0.9626,-0.2957,0.0598,191.8945,273.4985,-144.1650,,t005,MAPRAA
95675774,1817381,3,ankle,1.4790,-0.7534,0.1976,181.8237,166.0156,-164.1235,,t005,MAPRAA
95675790,1817396,3,ankle,1.0638,-0.6965,0.2981,113.0371,-106.9946,-63.5986,,t005,MAPRAA
95675805,1817412,3,ankle,0.5270,-0.1893,-0.5151,84.8389,-23.9868,15.6860,,t005,MAPRAA
95675821,1817427,3,ankle,0.6343,-0.2903,-0.7090,17.3340,187.1948,94.2383,,t005,MAPRAA
95675836,1817443,3,ankle,0.8167,-0.7222,-0.5271,-7.3853,167.5415,84.2285,,t005,MAPRAA
95675851,1817458,3,ankle,0.7695,-0.5836,-0.4843,18.3105,78.2471,44.1894,,t005,MAPRAA
95675867,1817474,3,ankle,0.8917,-0.0736,-0.4756,49.7436,81.4819,44.8608,,t005,MAPRAA
95675882,1817489,3,ankle,1.1276,-0.0082,-0.3677,47.4243,110.2905,36.9873,,t005,MAPRAA
95675897,1817504,3,ankle,1.4614,-0.1881,0.1477,38.6963,105.1636,22.2168,,t005,MAPRAA
95675913,1817520,3,ankle,1.4934,-0.3402,0.3152,70.3125,74.2798,2.3193,,t005,MAPRAA
95675928,1817535,3,ankle,1.4517,-0.6350,0.1221,95.5200,66.1011,-0.7935,,t005,MAPRAA
95675943,1817550,3,ankle,1.4128,-0.7595,0.0889,105.1636,44.6777,5.8594,,t005,MAPRAA
95675959,1817566,3,ankle,1.4036,-0.6266,0.1809,70.8008,15.0146,0.1221,,t005,MAPRAA
95675975,1817581,3,ankle,1.5004,-0.3521,0.0953,63.8428,-0.6714,-5.0049,,t005,MAPRAA
95675990,1817597,3,ankle,1.6229,-0.4010,0.1415,79.5898,-49.1333,6.0425,,t005,MAPRAA
95676005,1817612,3,ankle,1.7726,-0.5463,0.9039,80.5054,-92.5903,16.4795,,t005,MAPRAA
95676021,1817628,3,ankle,1.8538,-0.7841,1.2247,72.0215,-159.9731,27.8320,,t005,MAPRAA
95676036,1817643,3,ankle,1.6158,-1.6240,-0.1948,49.8047,-187.1338,19.4092,,t005,MAPRAA
95676052,1817658,3,ankle,1.4109,-1.5026,-1.3281,-5.3101,-200.8056,-36.3159,,t005,MAPRAA
95676068,1817674,3,ankle,1.6730,-0.5026,-1.4153,-97.4731,-199.6460,-38.0249,,t005,MAPRAA
95676083,1817690,3,ankle,2.0497,-0.4702,-1.2339,-220.9473,-237.7930,7.2632,,t005,MAPRAA
95676099,1817705,3,ankle,2.2401,-0.6416,-0.7808,-217.5293,-276.7944,15.6250,,t005,MAPRAA
95676114,1817721,3,ankle,1.9832,-0.1486,-0.7983,-182.4951,-291.0767,-19.7144,,t005,MAPRAA
95676130,1817737,3,ankle,1.8916,0.0447,-0.9364,-148.6206,-255.4321,-60.6079,,t005,MAPRAA
95676146,1817752,3,ankle,1.3960,0.2030,-0.8574,-106.7505,-244.9951,-68.2983,,t005,MAPRAA
95676161,1817768,3,ankle,1.1107,0.1715,-0.7391,-30.8838,-225.7080,-77.0264,,t005,MAPRAA
95676177,1817783,3,ankle,0.8375,0.0092,-0.7050,-13.9770,-209.9609,-80.4443,,t005,MAPRAA
95676193,1817799,3,ankle,0.7463,-0.0209,-0.7142,-9.4604,-172.6684,-75.8057,,t005,MAPRAA
95676208,1817815,3,ankle,0.5033,0.0349,-0.6885,-11.1694,-155.0293,-69.3970,,t005,MAPRAA
95676224,1817830,3,ankle,0.2709,0.0011,-0.6449,-6.6528,-124.6338,-68.4204,,t005,MAPRAA
95676239,1817846,3,ankle,0.1887,-0.0238,-0.6552,-6.7139,-108.7036,-70.1294,,t005,MAPRAA
95676255,1817861,3,ankle,-0.0443,0.0642,-0.7087,-33.0811,-72.8149,-64.2700,,t005,MAPRAA
95676270,1817877,3,ankle,-0.1267,0.0671,-0.7319,-80.9326,-27.6489,-48.0957,,t005,MAPRAA
95676286,1817893,3,ankle,-0.1290,0.0123,-0.7545,-104.3091,-14.7705,-42.1143,,t005,MAPRAA
95676302,1817908,3,ankle,-0.1163,0.0311,-0.7313,-132.4463,7.3853,-21.6064,,t005,MAPRAA
95676317,1817924,3,ankle,-0.0822,0.1018,-0.5977,-134.2163,22.2778,-9.4604,,t005,MAPRAA
95676333,1817940,3,ankle,-0.0848,-0.0071,-0.4969,-139.4653,63.7207,0.2441,,t005,MAPRAA
95676348,1817955,3,ankle,0.1414,-0.3646,-0.5068,-160.5835,87.9517,0.9766,,t005,MAPRAA
95676364,1817971,3,ankle,0.6306,-0.4009,-0.4935,-191.2231,52.6733,-17.8223,,t005,MAPRAA
95676379,1817986,3,ankle,2.2233,-0.0052,0.4236,-144.4702,-62.3169,-46.0205,,t005,MAPRAA
95676395,1818002,3,ankle,1.7233,-0.7238,2.7366,-13.4888,-253.4790,-60.1807,,t005,MAPRAA
95676411,1818017,3,ankle,1.0559,-0.6624,2.6559,-11.6577,85.9375,24.7803,,t005,MAPRAA
95676426,1818033,3,ankle,0.7762,0.1815,0.9108,-1.2817,156.4331,37.0483,,t005,MAPRAA
95676441,1818048,3,ankle,1.1715,-0.1077,0.4299,28.6255,75.0122,24.0478,,t005,MAPRAA
95676457,1818064,3,ankle,1.8585,-0.3765,0.0354,22.9492,27.0996,16.9067,,t005,MAPRAA
95676472,1818079,3,ankle,1.5385,-0.1294,-0.0081,-74.7070,5.0659,2.4414,,t005,MAPRAA
95676488,1818095,3,ankle,0.8829,0.1716,0.7758,-107.7881,-28.3813,-18.7988,,t005,MAPRAA
95676503,1818110,3,ankle,0.6691,-0.2047,0.6499,26.8555,-28.2593,-61.2183,,t005,MAPRAA
95676519,1818126,3,ankle,2.1984,-0.4323,-1.1532,93.5669,18.7988,-29.9072,,t005,MAPRAA
95676534,1818141,3,ankle,1.1537,0.8992,-1.8455,28.8086,79.8950,2.8687,,t005,MAPRAA
95676550,1818157,3,ankle,0.3058,0.8876,-1.8693,57.4951,85.8154,-23.8037,,t005,MAPRAA
95676565,1818172,3,ankle,-0.5433,-0.7603,-1.0310,170.4712,64.2090,-56.4575,,t005,MAPRAA
95676581,1818188,3,ankle,0.0967,-1.6074,-0.8984,63.5376,78.3081,1.7090,,t005,MAPRAA
95676596,1818203,3,ankle,1.7332,-1.1265,-0.8757,-8.8501,101.0742,43.9453,,t005,MAPRAA
95676612,1818219,3,ankle,1.6755,-0.1997,-0.7913,-73.6694,170.3491,83.6792,,t005,MAPRAA
95676627,1818234,3,ankle,0.7650,0.4144,-0.5072,-47.7295,190.6128,64.5142,,t005,MAPRAA
95676643,1818249,3,ankle,0.6560,0.1649,-0.4110,20.7520,197.0825,34.9121,,t005,MAPRAA
95676658,1818265,3,ankle,0.9417,-0.2383,-0.3811,33.6914,201.9653,41.4429,,t005,MAPRAA
95676673,1818280,3,ankle,0.9421,-0.2247,-0.3711,39.3066,239.9902,51.0864,,t005,MAPRAA
95676689,1818296,3,ankle,0.7432,0.0234,-0.2855,54.1992,259.6436,43.5181,,t005,MAPRAA
95676704,1818311,3,ankle,0.6887,0.1224,-0.2072,137.5732,279.4189,-10.5591,,t005,MAPRAA
95676720,1818326,3,ankle,1.1836,-0.0289,-0.1744,190.9790,308.7158,-52.1240,,t005,MAPRAA
95676735,1818342,3,ankle,1.1310,-0.7543,0.4598,216.0644,120.7886,-113.2202,,t005,MAPRAA
95676751,1818357,3,ankle,1.0735,-0.8273,0.6616,154.4189,-61.8896,-148.7427,,t005,MAPRAA
95676766,1818373,3,ankle,0.8070,-0.2037,-0.3492,109.8633,-2.3193,-107.2998,,t005,MAPRAA
95676781,1818388,3,ankle,0.8159,-0.1664,-0.7096,31.5552,157.7148,27.8320,,t005,MAPRAA
95676797,1818404,3,ankle,0.7423,-0.4980,-0.5580,20.6909,152.6489,78.5522,,t005,MAPRAA
95676812,1818419,3,ankle,0.6754,-0.5507,-0.3710,55.4810,132.4463,104.2480,,t005,MAPRAA
95676828,1818434,3,ankle,1.0511,-0.2806,-0.1602,73.4253,135.2539,76.9043,,t005,MAPRAA
95676843,1818450,3,ankle,1.2378,-0.1219,-0.0544,72.9370,125.3662,14.4043,,t005,MAPRAA
95676859,1818465,3,ankle,1.4332,-0.3075,0.2285,75.8667,113.2202,-1.0376,,t005,MAPRAA
95676874,1818481,3,ankle,1.4063,-0.5762,0.2469,107.5439,69.7632,0.2441,,t005,MAPRAA
95676890,1818496,3,ankle,1.3192,-0.9559,0.0886,122.4976,45.3491,7.9956,,t005,MAPRAA
95676905,1818512,3,ankle,1.3250,-0.6393,0.1438,117.0044,15.0757,10.6812,,t005,MAPRAA
95676920,1818527,3,ankle,1.3820,-0.4436,0.1213,97.6562,10.4980,5.6152,,t005,MAPRAA
95676936,1818542,3,ankle,1.6128,-0.6804,0.1122,79.9561,-7.5073,9.7656,,t005,MAPRAA
95676951,1818558,3,ankle,1.7723,-0.9457,0.2999,76.4771,-82.9468,20.6909,,t005,MAPRAA
95676967,1818573,3,ankle,1.9730,-1.4498,0.8923,73.3032,-121.5820,14.4043,,t005,MAPRAA
95676982,1818589,3,ankle,1.9338,-1.2803,0.7207,-11.5356,-192.9321,-7.0190,,t005,MAPRAA
95676998,1818604,3,ankle,1.6411,-0.4683,-1.1667,-59.1431,-189.8193,-16.1743,,t005,MAPRAA
95677014,1818620,3,ankle,1.6908,-0.2729,-1.4830,-148.1934,-183.8379,-24.7192,,t005,MAPRAA
95677029,1818636,3,ankle,2.0925,-0.4062,-1.1497,-164.5508,-207.0923,-22.0337,,t005,MAPRAA
95677045,1818652,3,ankle,2.1718,-0.3677,-0.7472,-125.3662,-258.9722,-23.1934,,t005,MAPRAA
95677061,1818667,3,ankle,2.0837,-0.0448,-0.8134,-125.2441,-263.1836,-25.2075,,t005,MAPRAA
95677076,1818683,3,ankle,1.5913,0.1779,-0.9298,-147.6440,-266.4185,-52.3071,,t005,MAPRAA
95677092,1818698,3,ankle,1.2708,0.2798,-0.7996,-62.7441,-244.5068,-60.3638,,t005,MAPRAA
95677107,1818714,3,ankle,0.9042,0.1842,-0.6663,-16.4185,-232.7270,-67.7490,,t005,MAPRAA
95677123,1818730,3,ankle,0.7981,0.1017,-0.6807,16.9067,-216.2475,-92.5903,,t005,MAPRAA
95677139,1818745,3,ankle,0.6484,0.0190,-0.6932,15.1978,-205.6274,-91.0034,,t005,MAPRAA
95677154,1818761,3,ankle,0.5177,-0.0249,-0.6375,20.4468,-179.0161,-81.4819,,t005,MAPRAA
95677170,1818777,3,ankle,0.2991,-0.1257,-0.5820,27.2217,-160.1562,-79.1626,,t005,MAPRAA
95677186,1818792,3,ankle,0.1404,-0.1655,-0.6516,14.6484,-112.0605,-86.6089,,t005,MAPRAA
95677201,1818808,3,ankle,0.0149,-0.1508,-0.6976,-7.7515,-85.1440,-84.3506,,t005,MAPRAA
95677217,1818823,3,ankle,-0.1302,-0.0894,-0.7749,-62.4390,-34.2407,-53.9551,,t005,MAPRAA
95677233,1818839,3,ankle,-0.1477,-0.0760,-0.8071,-106.9336,7.9956,-17.5171,,t005,MAPRAA
95677248,1818855,3,ankle,-0.1024,-0.0376,-0.8241,-124.2065,22.0947,-0.9155,,t005,MAPRAA
95677264,1818871,3,ankle,-0.1075,0.0046,-0.7792,-155.9448,66.3452,3.7842,,t005,MAPRAA
95677280,1818886,3,ankle,-0.0719,-0.0302,-0.6820,-168.5791,100.7080,-9.7046,,t005,MAPRAA
95677295,1818902,3,ankle,0.0841,-0.1060,-0.7094,-213.8672,104.5532,-28.0762,,t005,MAPRAA
95677311,1818917,3,ankle,1.3232,-0.2290,-0.2412,-217.9565,45.8374,-24.6582,,t005,MAPRAA
95677326,1818933,3,ankle,2.8921,-0.0790,1.9081,-123.9014,-245.7886,-57.5561,,t005,MAPRAA
95677342,1818948,3,ankle,2.4202,-0.1960,2.9867,-33.9355,-96.4966,-6.8970,,t005,MAPRAA
95677357,1818964,3,ankle,0.6571,0.2291,1.8417,-16.9067,93.8721,46.3257,,t005,MAPRAA
95677372,1818979,3,ankle,0.6353,0.3594,1.0022,43.0908,101.1352,50.5981,,t005,MAPRAA
95677388,1818994,3,ankle,1.7418,-0.3142,0.1732,67.1387,40.0391,34.9121,,t005,MAPRAA
95677403,1819010,3,ankle,1.7843,-0.2303,0.0547,-45.7764,-13.4277,34.1187,,t005,MAPRAA
95677418,1819025,3,ankle,0.0040,0.3605,-0.4204,-102.5391,-13.5498,15.6860,,t005,MAPRAA
95677434,1819041,3,ankle,0.6705,-0.0298,-0.1360,116.2720,-5.4932,-79.2236,,t005,MAPRAA
95677450,1819056,3,ankle,3.3142,-0.8378,-0.4678,175.9643,-43.5791,-76.2329,,t005,MAPRAA
95677465,1819072,3,ankle,2.3021,0.2780,-1.1035,-18.6157,83.4961,-14.8926,,t005,MAPRAA
95677481,1819087,3,ankle,-0.4283,0.7209,-2.0763,17.5781,134.3384,-19.1650,,t005,MAPRAA
95677496,1819103,3,ankle,-0.4384,-0.5370,-1.0985,195.4346,60.7300,-39.2456,,t005,MAPRAA
95677512,1819118,3,ankle,0.3597,-1.7692,-0.8993,150.0244,47.4853,-25.0854,,t005,MAPRAA
95677527,1819134,3,ankle,1.7458,-1.3160,-0.7743,-18.7988,100.2197,42.7246,,t005,MAPRAA
95677543,1819150,3,ankle,1.5707,-0.0403,-0.6484,-85.9985,173.3398,78.8574,,t005,MAPRAA
95677558,1819165,3,ankle,0.6854,0.7808,-0.3624,-48.5840,185.6689,62.5610,,t005,MAPRAA
95677574,1819180,3,ankle,0.5974,0.3794,-0.3042,44.4946,180.8472,29.9683,,t005,MAPRAA
95677589,1819196,3,ankle,0.9258,-0.3857,-0.2990,64.6973,181.8848,34.6069,,t005,MAPRAA
95677604,1819211,3,ankle,0.9514,-0.4470,-0.2672,62.3779,207.2143,44.4946,,t005,MAPRAA
95677620,1819226,3,ankle,0.7764,-0.1232,-0.1794,65.7349,221.1304,35.7056,,t005,MAPRAA
95677635,1819242,3,ankle,0.5790,-0.0709,-0.1090,119.8120,238.7695,-20.7520,,t005,MAPRAA
95677650,1819257,3,ankle,1.4482,-0.1707,-0.2784,157.1655,277.6489,-77.7588,,t005,MAPRAA
95677666,1819273,3,ankle,1.1202,-0.5299,-0.1390,181.7016,43.4570,-170.4101,,t005,MAPRAA
95677681,1819288,3,ankle,0.6796,-0.7848,0.2803,203.4912,-117.7368,-246.2158,,t005,MAPRAA
95677697,1819304,3,ankle,1.1329,0.1769,-0.3940,188.7817,37.9028,-151.6724,,t005,MAPRAA
95677712,1819319,3,ankle,1.0674,0.3389,-0.5331,48.2788,196.1059,114.2578,,t005,MAPRAA
95677727,1819334,3,ankle,0.5942,-0.7141,-0.4634,0.0000,187.9272,167.2973,,t005,MAPRAA
95677743,1819350,3,ankle,0.7056,-1.0007,-0.4275,27.5879,134.3994,83.8013,,t005,MAPRAA
95677758,1819365,3,ankle,1.0771,-0.5497,-0.2943,55.9692,103.2104,42.5415,,t005,MAPRAA
95677773,1819380,3,ankle,1.2452,-0.3622,-0.0846,67.4438,75.3784,4.4556,,t005,MAPRAA
95677789,1819396,3,ankle,1.4692,-0.1842,0.3445,66.4673,81.4209,-9.4604,,t005,MAPRAA
95677804,1819411,3,ankle,1.4745,-0.3732,0.3463,106.3843,80.1392,8.0566,,t005,MAPRAA
95677819,1819426,3,ankle,1.2510,-1.1678,0.2360,133.3618,59.0210,26.3672,,t005,MAPRAA
95677835,1819442,3,ankle,1.2454,-1.1704,0.1686,133.8501,14.6484,21.2402,,t005,MAPRAA
95677850,1819457,3,ankle,1.4991,-0.6078,0.0028,109.3140,2.3193,6.4697,,t005,MAPRAA
95677865,1819472,3,ankle,1.6201,-0.5490,0.0537,87.8906,-23.9258,9.5215,,t005,MAPRAA
95677881,1819488,3,ankle,1.6962,-0.7345,0.7271,85.0220,-57.1899,19.4092,,t005,MAPRAA
95677896,1819503,3,ankle,1.7451,-0.9475,1.0768,69.2139,-126.2207,17.0288,,t005,MAPRAA
95677912,1819519,3,ankle,1.7855,-1.4342,0.7113,48.4619,-166.4429,15.5640,,t005,MAPRAA
95677927,1819534,3,ankle,1.3025,-1.0526,-1.2917,6.8970,-195.6177,-11.4136,,t005,MAPRAA
95677943,1819550,3,ankle,1.4471,-0.6718,-1.4320,-107.5439,-188.1103,-26.7334,,t005,MAPRAA
95677959,1819565,3,ankle,2.0732,-0.7103,-1.1313,-164.1235,-204.1015,-15.1978,,t005,MAPRAA
95677974,1819581,3,ankle,2.2119,-0.7473,-0.8937,-183.1055,-255.9814,-5.9814,,t005,MAPRAA
95677990,1819597,3,ankle,2.1718,-0.3370,-0.7766,-186.0351,-262.3901,-12.5732,,t005,MAPRAA
95678006,1819612,3,ankle,2.0870,-0.1327,-0.9100,-177.3071,-248.4741,-49.1943,,t005,MAPRAA
95678021,1819628,3,ankle,1.5283,0.0095,-0.9000,-139.0991,-241.6382,-70.1294,,t005,MAPRAA
95678037,1819643,3,ankle,1.2180,0.0282,-0.7661,-62.8662,-229.5532,-81.1768,,t005,MAPRAA
95678052,1819659,3,ankle,0.8701,-0.0547,-0.6895,-44.2505,-217.2241,-81.6650,,t005,MAPRAA
95678068,1819674,3,ankle,0.6920,-0.0190,-0.7253,-34.7900,-184.5703,-77.5757,,t005,MAPRAA
95678083,1819690,3,ankle,0.5415,0.0059,-0.7007,-29.3579,-152.1606,-68.8477,,t005,MAPRAA
95678099,1819706,3,ankle,0.2512,0.0591,-0.6544,-18.4937,-134.3994,-66.3452,,t005,MAPRAA
95678115,1819721,3,ankle,0.1980,-0.0112,-0.6835,-14.8926,-94.9097,-78.9795,,t005,MAPRAA
95678130,1819737,3,ankle,0.0601,-0.1335,-0.7627,-32.1045,-72.9370,-80.5054,,t005,MAPRAA
95678146,1819752,3,ankle,-0.0986,-0.0465,-0.7959,-83.0688,-34.4849,-52.3682,,t005,MAPRAA
95678162,1819768,3,ankle,-0.2916,0.0878,-0.8007,-104.9194,-18.7378,-31.9824,,t005,MAPRAA
95678177,1819784,3,ankle,-0.1785,0.0995,-0.7705,-138.0005,18.6157,2.1973,,t005,MAPRAA
95678193,1819799,3,ankle,-0.1296,0.1044,-0.7356,-152.0996,40.1001,9.1553,,t005,MAPRAA
95678208,1819815,3,ankle,-0.0109,0.2028,-0.6273,-163.1470,80.4443,-10.1929,,t005,MAPRAA
95678224,1819830,3,ankle,-0.0042,0.1420,-0.5898,-177.1240,124.5727,-16.8457,,t005,MAPRAA
95678239,1819846,3,ankle,0.5956,-0.1843,-0.3561,-182.0068,116.5771,-4.9438,,t005,MAPRAA
95678255,1819862,3,ankle,1.7542,-0.3890,0.1212,-142.2119,-115.6006,-12.5122,,t005,MAPRAA
95678270,1819877,3,ankle,2.9679,-0.5444,2.1973,-86.3037,-288.0249,-51.7578,,t005,MAPRAA
95678286,1819893,3,ankle,1.8210,-0.5968,3.1315,-4.9438,-30.0293,-0.4883,,t005,MAPRAA
95678301,1819908,3,ankle,0.5664,0.2483,1.5823,13.4888,152.5269,36.6211,,t005,MAPRAA
95678317,1819923,3,ankle,0.9247,0.1370,0.7632,80.1392,104.2480,24.6582,,t005,MAPRAA
95678332,1819939,3,ankle,1.9274,-0.5917,0.0543,82.0312,32.2266,24.9023,,t005,MAPRAA
95678347,1819954,3,ankle,1.5394,-0.3174,-0.0847,-72.5098,-3.6011,23.6816,,t005,MAPRAA
95678363,1819970,3,ankle,1.0270,0.1619,0.3744,-114.6851,-20.6909,-15.1978,,t005,MAPRAA
95678378,1819985,3,ankle,1.9989,-0.6304,-0.3521,35.0342,-27.5879,-71.2280,,t005,MAPRAA
95678394,1820001,3,ankle,2.0486,-0.1903,-1.5386,46.8140,108.2764,7.3853,,t005,MAPRAA
95678409,1820016,3,ankle,0.2704,1.0454,-2.0205,52.2461,119.8120,8.0566,,t005,MAPRAA
95678425,1820031,3,ankle,-0.2185,1.0325,-1.7324,212.4023,17.9443,-38.3911,,t005,MAPRAA
95678440,1820047,3,ankle,-0.0973,-1.7855,-1.1211,206.6650,-4.3335,-49.4385,,t005,MAPRAA
95678456,1820063,3,ankle,0.7501,-2.6411,-1.0022,50.7812,64.4531,16.2354,,t005,MAPRAA
95678471,1820078,3,ankle,1.5490,-0.5298,-0.7229,-47.3022,122.4365,65.3687,,t005,MAPRAA
95678487,1820094,3,ankle,1.2345,0.5500,-0.6421,-73.1812,188.8428,76.1108,,t005,MAPRAA
95678502,1820109,3,ankle,0.7563,0.6040,-0.4670,-18.9819,178.5889,50.8423,,t005,MAPRAA
95678517,1820124,3,ankle,0.8303,0.1385,-0.4164,72.1436,159.4238,34.7290,,t005,MAPRAA
95678533,1820140,3,ankle,0.9172,-0.4269,-0.3719,85.2051,168.6401,41.3208,,t005,MAPRAA
95678548,1820155,3,ankle,0.6764,-0.4175,-0.2297,83.4351,206.7261,39.7949,,t005,MAPRAA
95678564,1820170,3,ankle,0.6722,-0.2896,-0.1528,108.7036,259.0332,3.2959,,t005,MAPRAA
95678579,1820186,3,ankle,1.1478,-0.2101,-0.2325,137.1460,251.2207,-32.1655,,t005,MAPRAA
95678595,1820201,3,ankle,1.0322,-0.4050,-0.0226,194.5801,109.4971,-129.6997,,t005,MAPRAA
95678610,1820217,3,ankle,0.9193,-0.7297,0.4507,212.8906,28.5034,-184.2041,,t005,MAPRAA
95678625,1820232,3,ankle,0.9880,-0.4080,0.3099,193.2373,23.3154,-135.6201,,t005,MAPRAA
95678641,1820248,3,ankle,0.8274,0.0106,-0.3607,159.6680,85.6934,-24.4141,,t005,MAPRAA
95678656,1820263,3,ankle,0.8315,-0.1576,-0.6506,41.4429,165.8325,134.8267,,t005,MAPRAA
95678672,1820278,3,ankle,0.7635,-0.7925,-0.5331,-4.0894,161.7431,135.9253,,t005,MAPRAA
95678687,1820294,3,ankle,0.7405,-0.9097,-0.3571,15.8691,124.4507,86.3037,,t005,MAPRAA
95678702,1820309,3,ankle,0.9932,-0.4717,-0.0819,45.1660,113.3423,61.5234,,t005,MAPRAA
95678717,1820324,3,ankle,1.1647,-0.2141,0.1116,72.0215,98.9990,25.8179,,t005,MAPRAA
95678733,1820340,3,ankle,1.4891,-0.1532,0.4388,71.4722,90.0268,14.1602,,t005,MAPRAA
95678748,1820355,3,ankle,1.3030,-0.6189,0.1959,84.4726,60.3027,-0.6714,,t005,MAPRAA
95678763,1820370,3,ankle,1.1538,-0.9237,0.0739,106.2622,55.1147,5.7373,,t005,MAPRAA
95678779,1820386,3,ankle,1.2091,-0.8228,0.0231,111.5723,28.0762,22.4609,,t005,MAPRAA
95678794,1820401,3,ankle,1.3425,-0.5615,0.0059,83.1909,-10.3760,7.0801,,t005,MAPRAA
95678809,1820416,3,ankle,1.5898,-0.5841,0.1128,78.7964,-24.2920,7.4463,,t005,MAPRAA
95678825,1820432,3,ankle,1.6083,-0.6965,0.4078,76.8433,-96.0083,19.0430,,t005,MAPRAA
95678840,1820447,3,ankle,1.7957,-0.9648,1.1467,85.7544,-127.5024,23.0713,,t005,MAPRAA
95678856,1820462,3,ankle,1.8473,-1.0741,0.9855,31.9214,-187.0727,25.0244,,t005,MAPRAA
95678871,1820478,3,ankle,1.4734,-0.8918,-1.0618,9.2163,-195.5566,7.6294,,t005,MAPRAA
95678887,1820493,3,ankle,1.5018,-0.4695,-1.4341,-78.4302,-190.6128,-26.8555,,t005,MAPRAA
95678903,1820509,3,ankle,2.0319,-0.3723,-1.1875,-139.2212,-197.3877,-21.6064,,t005,MAPRAA
95678918,1820525,3,ankle,2.2111,-0.5016,-0.9331,-129.5776,-253.6011,-12.8784,,t005,MAPRAA
95678934,1820540,3,ankle,1.9651,-0.4968,-0.7174,-109.3750,-268.0664,-16.3574,,t005,MAPRAA
95678950,1820556,3,ankle,1.8264,-0.0801,-0.8960,-154.2969,-251.9531,-34.7900,,t005,MAPRAA
95678965,1820572,3,ankle,1.6914,0.0951,-0.8976,-117.4316,-228.5156,-63.2935,,t005,MAPRAA
95678981,1820587,3,ankle,1.1594,0.1206,-0.6768,-63.9038,-224.6094,-72.7539,,t005,MAPRAA
95678996,1820603,3,ankle,0.9474,0.0538,-0.6432,-1.7700,-200.3174,-87.9517,,t005,MAPRAA
95679012,1820619,3,ankle,0.7184,-0.0665,-0.6808,3.1128,-182.0068,-94.7876,,t005,MAPRAA
95679028,1820634,3,ankle,0.6508,-0.0576,-0.6858,2.5024,-144.2261,-88.5010,,t005,MAPRAA
95679043,1820650,3,ankle,0.4872,0.0259,-0.6663,3.9673,-128.7842,-82.1533,,t005,MAPRAA
95679059,1820665,3,ankle,0.3971,0.0272,-0.6636,10.3760,-94.1162,-79.2236,,t005,MAPRAA
95679074,1820681,3,ankle,0.1769,-0.0286,-0.7172,4.0283,-70.9229,-81.4209,,t005,MAPRAA
95679090,1820697,3,ankle,-0.0774,0.0100,-0.8110,-27.1606,-24.2920,-82.9468,,t005,MAPRAA
95679106,1820712,3,ankle,-0.2266,-0.0417,-0.8485,-70.4346,35.0952,-61.2793,,t005,MAPRAA
95679121,1820728,3,ankle,-0.2312,0.0402,-0.8857,-88.7451,57.8613,-43.8843,,t005,MAPRAA
95679137,1820743,3,ankle,-0.2174,0.1562,-0.8320,-110.9009,44.1284,2.6245,,t005,MAPRAA
95679152,1820759,3,ankle,-0.2670,0.0991,-0.7445,-120.9717,47.8516,20.0806,,t005,MAPRAA
95679168,1820774,3,ankle,-0.2695,-0.0052,-0.7510,-161.1938,127.0142,11.2305,,t005,MAPRAA
95679183,1820790,3,ankle,0.3615,0.0454,-0.7957,-171.3257,155.3955,-7.0801,,t005,MAPRAA
95679199,1820805,3,ankle,1.2323,-0.0179,-0.5326,-113.7695,60.1196,-25.1465,,t005,MAPRAA
95679214,1820821,3,ankle,3.6371,-0.8184,1.5237,-86.0596,-91.6748,-42.1143,,t005,MAPRAA
95679230,1820837,3,ankle,1.3551,-0.7920,3.0924,-168.8843,-155.2734,-1.3428,,t005,MAPRAA
95679245,1820852,3,ankle,0.1085,-0.5466,2.3259,-171.6919,158.3252,126.4038,,t005,MAPRAA
95679261,1820868,3,ankle,0.6277,0.5330,0.6719,-107.4219,142.9443,107.4829,,t005,MAPRAA
95679276,1820883,3,ankle,1.6058,0.2843,0.6571,-32.8369,-12.2070,12.7563,,t005,MAPRAA
95679292,1820898,3,ankle,0.7924,-0.0702,-0.2795,-87.1582,-72.2046,-5.3101,,t005,MAPRAA
95679307,1820914,3,ankle,0.7437,-0.1415,-0.8824,49.1943,16.8457,-59.9365,,t005,MAPRAA
95679323,1820929,3,ankle,2.8789,-0.4584,-0.8374,121.1548,28.3813,-66.6504,,t005,MAPRAA
95679338,1820945,3,ankle,2.4598,0.0892,-0.0427,-49.6826,14.9536,-41.6260,,t005,MAPRAA
95679354,1820960,3,ankle,0.5052,-1.2217,-1.6957,9.5825,59.9976,-39.8560,,t005,MAPRAA
95679369,1820976,3,ankle,0.0858,-0.6127,-1.8827,96.1914,-12.2070,34.2407,,t005,MAPRAA
95679385,1820992,3,ankle,-0.2487,0.8787,-1.5250,52.1240,-33.6914,42.2363,,t005,MAPRAA
95679401,1821007,3,ankle,0.7726,-0.8588,-1.0410,38.1470,-13.6719,-26.3062,,t005,MAPRAA
95679416,1821023,3,ankle,1.6232,-1.4747,-0.8617,-6.8970,77.8198,2.4414,,t005,MAPRAA
95679432,1821038,3,ankle,1.5985,-0.1125,-0.5791,-74.0356,125.8545,48.3398,,t005,MAPRAA
95679447,1821054,3,ankle,1.0549,0.5004,-0.4884,-84.7778,153.1982,67.1387,,t005,MAPRAA
95679462,1821069,3,ankle,0.8928,0.2083,-0.4668,-32.6538,153.5034,47.3633,,t005,MAPRAA
95679478,1821084,3,ankle,1.0286,-0.1879,-0.3812,13.2446,168.1518,35.3394,,t005,MAPRAA
95679493,1821100,3,ankle,0.8724,-0.4484,-0.1743,11.1694,182.3730,47.9126,,t005,MAPRAA
95679508,1821115,3,ankle,0.7720,-0.3671,-0.1421,1.3428,200.1343,55.8472,,t005,MAPRAA
95679523,1821130,3,ankle,0.8240,-0.2660,-0.1475,1.7090,201.2939,43.6401,,t005,MAPRAA
95679539,1821146,3,ankle,0.8793,-0.2450,-0.1031,28.8086,189.0259,8.1787,,t005,MAPRAA
95679554,1821161,3,ankle,0.7141,-0.4148,0.1085,49.6826,178.9551,-15.1367,,t005,MAPRAA
95679570,1821176,3,ankle,1.4191,-0.5074,0.1173,70.0073,174.3164,-62.7441,,t005,MAPRAA
95679585,1821192,3,ankle,1.1770,-0.4510,0.3612,70.4956,105.6518,-46.0205,,t005,MAPRAA
95679600,1821207,3,ankle,0.8322,-0.2323,0.5891,85.4492,11.8408,23.4985,,t005,MAPRAA
95679615,1821222,3,ankle,0.9362,-0.1665,0.5863,81.9702,77.0264,43.3960,,t005,MAPRAA
95679631,1821238,3,ankle,1.1711,-0.2979,0.5476,26.3062,197.3266,56.7017,,t005,MAPRAA
95679646,1821253,3,ankle,1.2761,-0.4854,0.5342,-46.8750,135.7422,54.8706,,t005,MAPRAA
95679662,1821268,3,ankle,1.4594,-0.6437,0.5669,-47.9126,74.1577,44.8608,,t005,MAPRAA
95679677,1821284,3,ankle,1.4299,-0.4091,0.5907,15.8081,-18.2495,15.6860,,t005,MAPRAA
95679692,1821299,3,ankle,1.4102,0.4260,0.6392,48.8281,-17.2119,19.2871,,t005,MAPRAA
95679708,1821315,3,ankle,1.4978,0.8398,0.5732,65.1245,-30.5786,17.8223,,t005,MAPRAA
95679723,1821330,3,ankle,1.5818,0.3868,0.4366,70.7397,-65.0635,16.8457,,t005,MAPRAA
95679739,1821345,3,ankle,1.5703,-0.2816,0.2288,109.3140,-151.9775,48.7671,,t005,MAPRAA
95679754,1821361,3,ankle,1.3678,-2.2700,-1.0398,88.6230,-175.0488,64.7583,,t005,MAPRAA
95679770,1821376,3,ankle,1.3110,-3.3622,-1.4939,-66.6504,-185.9741,42.2974,,t005,MAPRAA
95679785,1821392,3,ankle,1.5544,-2.8019,-1.4883,-201.5381,-200.6836,32.0435,,t005,MAPRAA
95679801,1821408,3,ankle,1.8953,-0.6523,-1.2883,-411.3769,-229.2480,42.7246,,t005,MAPRAA
95679817,1821423,3,ankle,1.8574,-0.2915,-1.2814,-363.2202,-205.5054,38.5742,,t005,MAPRAA
95679832,1821439,3,ankle,1.4510,-0.4080,-1.1234,-287.4146,-179.8706,19.4702,,t005,MAPRAA
95679848,1821454,3,ankle,1.2388,-0.4709,-1.0150,-201.8432,-133.0566,-19.4092,,t005,MAPRAA
95679864,1821470,3,ankle,0.9972,-0.3566,-0.8972,-198.6694,-117.6147,-25.4517,,t005,MAPRAA
95679879,1821486,3,ankle,0.9471,-0.2009,-0.8563,-202.0874,-96.9849,-8.3618,,t005,MAPRAA
95679895,1821501,3,ankle,0.7938,-0.1172,-0.7762,-187.6831,-87.6465,-0.3052,,t005,MAPRAA
95679910,1821517,3,ankle,0.6794,-0.2004,-0.7368,-156.8604,-63.6597,-4.3335,,t005,MAPRAA
95679926,1821533,3,ankle,0.4270,-0.3571,-0.7234,-145.9961,-49.2554,-8.7891,,t005,MAPRAA
95679942,1821548,3,ankle,0.3285,-0.3868,-0.7535,-130.6763,-22.3999,-8.0566,,t005,MAPRAA
95679958,1821564,3,ankle,0.3148,-0.3386,-0.7867,-134.6436,8.4229,0.1221,,t005,MAPRAA
95679973,1821580,3,ankle,0.2162,-0.2218,-0.8469,-143.0664,23.3154,3.7842,,t005,MAPRAA
95679988,1821595,3,ankle,0.2039,-0.2557,-0.8861,-171.7529,70.9229,-4.8218,,t005,MAPRAA
95680004,1821611,3,ankle,0.2892,-0.2836,-1.0020,-196.0449,88.5620,-4.5776,,t005,MAPRAA
95680020,1821626,3,ankle,0.2830,-0.2294,-1.0519,-255.7373,81.2378,23.1934,,t005,MAPRAA
95680035,1821642,3,ankle,0.3099,-0.1737,-1.1398,-285.0342,87.8296,40.5273,,t005,MAPRAA
95680051,1821657,3,ankle,0.4240,-0.2034,-1.2319,-348.3886,144.6533,64.6973,,t005,MAPRAA
95680066,1821673,3,ankle,0.5458,-0.1667,-1.2590,-382.6294,171.2646,71.3501,,t005,MAPRAA
95680082,1821689,3,ankle,1.2695,0.1963,-1.1268,-436.2793,148.5596,92.1020,,t005,MAPRAA
95680097,1821704,3,ankle,1.6271,0.5048,-0.9592,-463.3178,90.0879,137.1460,,t005,MAPRAA
95680113,1821720,3,ankle,2.3293,1.0056,0.1234,-495.8496,45.6543,164.1235,,t005,MAPRAA
95680128,1821735,3,ankle,2.1562,1.2335,0.8096,-562.5610,-120.9717,148.5596,,t005,MAPRAA
95680143,1821750,3,ankle,0.8732,1.7782,0.9647,-487.4267,-99.0601,105.0415,,t005,MAPRAA
95680159,1821766,3,ankle,0.4971,1.6168,0.5968,-199.7681,70.6787,38.7573,,t005,MAPRAA
95680174,1821781,3,ankle,0.4441,0.9034,-0.0118,-97.7783,115.8447,43.0298,,t005,MAPRAA
95680190,1821796,3,ankle,0.5804,0.6254,-0.1813,20.2026,33.3252,22.2168,,t005,MAPRAA
95680205,1821812,3,ankle,0.7983,0.2625,-0.2167,82.7637,-28.3203,-26.6724,,t005,MAPRAA
95680221,1821827,3,ankle,0.7913,-0.0039,-0.3345,172.2412,-75.6836,-117.5537,,t005,MAPRAA
95680236,1821843,3,ankle,0.5518,-0.4641,-1.4614,184.5703,-20.8130,-135.1318,,t005,MAPRAA
95680252,1821859,3,ankle,0.9365,-0.5937,-1.5103,174.2554,107.3608,-90.2100,,t005,MAPRAA
95680267,1821874,3,ankle,1.0754,-0.7330,-1.3245,65.7959,102.6001,-32.1655,,t005,MAPRAA
95680283,1821890,3,ankle,1.2454,-0.7937,-0.7588,-55.8472,81.4819,-23.9868,,t005,MAPRAA
95680298,1821905,3,ankle,1.3408,-0.9189,-0.2578,-247.7417,55.4199,-19.1650,,t005,MAPRAA
95680314,1821921,3,ankle,1.7480,-0.6075,0.3748,-274.9023,47.3022,-11.2305,,t005,MAPRAA
95680329,1821936,3,ankle,1.7520,-0.2076,0.4188,-237.3047,5.9204,28.2593,,t005,MAPRAA
95680345,1821952,3,ankle,1.1221,0.2811,0.2522,-212.8296,2.9297,45.4102,,t005,MAPRAA
95680360,1821967,3,ankle,0.6819,0.2880,0.1458,-169.8608,41.5649,42.6636,,t005,MAPRAA
95680376,1821982,3,ankle,0.7004,-0.0243,-0.1270,-130.7373,58.0444,28.9307,,t005,MAPRAA
95680391,1821998,3,ankle,1.0208,-0.1935,-0.2035,-58.8379,37.3535,10.5591,,t005,MAPRAA
95680407,1822013,3,ankle,1.1230,0.0087,-0.1140,-39.1235,20.6299,-3.1738,,t005,MAPRAA
95680422,1822029,3,ankle,0.8292,0.2865,-0.0179,-23.6816,21.3623,-35.4004,,t005,MAPRAA
95680437,1822044,3,ankle,0.8774,0.0912,-0.0818,-4.8218,52.4292,-38.4521,,t005,MAPRAA
95680453,1822060,3,ankle,0.9962,-0.4792,-0.2650,10.5591,57.2510,-23.7427,,t005,MAPRAA
95680468,1822075,3,ankle,0.9429,-0.5266,-0.3307,1.7700,39.7949,9.5215,,t005,MAPRAA
95680484,1822090,3,ankle,0.8829,-0.4091,-0.3743,-23.4375,24.1089,17.8833,,t005,MAPRAA
95680499,1822106,3,ankle,0.8981,-0.4186,-0.3195,-77.8198,3.8452,29.0527,,t005,MAPRAA
95680515,1822121,3,ankle,0.9789,-0.3173,-0.2701,-101.0742,8.6670,32.3486,,t005,MAPRAA
95680530,1822137,3,ankle,0.9791,-0.1578,-0.3019,-129.7607,27.8320,23.9258,,t005,MAPRAA
95680545,1822152,3,ankle,0.9121,0.0647,-0.3494,-130.8594,32.7148,16.1743,,t005,MAPRAA
95680561,1822168,3,ankle,0.8939,0.0618,-0.3557,-111.1450,32.3486,13.7329,,t005,MAPRAA
95680576,1822183,3,ankle,0.8926,-0.0729,-0.4004,-96.0083,33.6914,17.2119,,t005,MAPRAA
95680592,1822199,3,ankle,0.9236,-0.1549,-0.4340,-77.0264,40.3442,22.0337,,t005,MAPRAA
95680607,1822214,3,ankle,0.9417,-0.1515,-0.4143,-76.3550,42.4194,23.8037,,t005,MAPRAA
95680623,1822229,3,ankle,0.9352,-0.1504,-0.3395,-83.2519,41.8091,26.2451,,t005,MAPRAA
95680638,1822245,3,ankle,0.9421,-0.2034,-0.3258,-88.4399,33.6914,26.9775,,t005,MAPRAA
95680653,1822260,3,ankle,1.0050,-0.3378,-0.3074,-87.0972,26.4893,27.8931,,t005,MAPRAA
95680669,1822276,3,ankle,1.0127,-0.3330,-0.2794,-80.2612,8.5449,25.7568,,t005,MAPRAA
95680685,1822291,3,ankle,1.0216,-0.1721,-0.2427,-75.5615,0.5493,21.6675,,t005,MAPRAA
95680700,1822307,3,ankle,1.0353,-0.1138,-0.2356,-64.2700,-11.6577,14.2822,,t005,MAPRAA
95680716,1822322,3,ankle,1.0376,-0.0985,-0.2499,-59.5093,-15.5640,12.0850,,t005,MAPRAA
95680731,1822338,3,ankle,1.0164,-0.0768,-0.2542,-49.4995,-22.3999,9.2163,,t005,MAPRAA
95680747,1822354,3,ankle,0.9520,0.0453,-0.2698,-41.8701,-26.3062,8.8501,,t005,MAPRAA
95680762,1822369,3,ankle,0.9155,0.1127,-0.3075,-22.5220,-32.1655,8.5449,,t005,MAPRAA
95680778,1822385,3,ankle,0.9125,0.0796,-0.3364,-2.8687,-28.0151,6.0425,,t005,MAPRAA
95680793,1822400,3,ankle,0.9048,-0.0173,-0.3610,4.4556,-23.8647,4.3335,,t005,MAPRAA
95680809,1822415,3,ankle,0.9060,-0.0286,-0.3395,11.2915,-15.1367,0.4272,,t005,MAPRAA
95680824,1822431,3,ankle,0.9316,-0.0957,-0.2643,10.0708,-10.8643,-0.9155,,t005,MAPRAA
95680840,1822446,3,ankle,0.9519,-0.1688,-0.2251,-3.7231,-4.9438,0.7324,,t005,MAPRAA
